{"cameraMode":{"drawMode":0,"name":"Shaded","section":"Shading Mode"},"sceneLighting":true,"audioPlay":false,"sceneViewState":{"m_AlwaysRefresh":false,"showFog":true,"showSkybox":true,"showFlares":true,"showImageEffects":true,"showParticleSystems":true,"showVisualEffectGraphs":true,"m_FxEnabled":true},"in2DMode":false,"pivot":{"x":383.6387939453125,"y":160.491455078125,"z":127.82534790039063},"rotation":{"x":-0.048279788345098498,"y":-0.02187582291662693,"z":0.0010570838348940015,"w":-0.9985967874526978},"size":221.72372436523438,"orthographic":false}